1-1-10067702-05-1.png,A196,Abnormal
1-1-10104732-08-1.png,A141,Normal
1-1-10149316-02-1.png,A148,Normal
1-1-10150980-06-1.png,A205,Normal
1-1-10165018-03-1.png,A136,Abnormal
1-1-10168636-05-1.png,A082,Abnormal
1-1-10259739-01-1.png,A250,Normal
1-1-10269246-07-1.png,A108,Abnormal
1-1-10280054-01-1.png,A262,Abnormal
1-1-10291112-12-2.png,A076,Abnormal
1-1-10292371-01-1.png,A090,Abnormal
1-1-10293266-02-1.png,A083,Normal
1-1-10302161-01-1.png,A126,Abnormal
1-1-10303081-02-1.png,A107,Normal
1-1-10380616-29-1.png,A140,Abnormal
1-1-10405463-12-1.png,A160,Abnormal
1-1-10431082-01-1.png,A255,Normal
1-1-10436697-05-1.png,A242,Normal
1-1-10441338-02-1.png,A189,Normal
1-1-10625523-08-1.png,A112,Abnormal
1-1-10646211-03-1.png,A137,Normal
1-1-10661934-02-1.png,A081,Normal
1-1-10763729-14-1.png,A094,Normal
1-1-10824694-02-1.png,A161,Normal
1-1-10892841-01-1.png,A139,Normal
1-1-10911324-02-1.png,A157,Normal
1-1-10930214-02-1.png,A070,Normal
1-1-10964727-01-1.png,A017,Normal
1-1-10978829-04-1.png,A122,Abnormal
1-1-11002435-27-1.png,A228,Abnormal
1-1-11054726-06-1.png,A048,Abnormal
1-1-11070296-01-1.png,A023,Normal
1-1-11152718-09-1.png,A010,Abnormal
1-1-11197360-01-1.png,A234,Abnormal
1-1-11213912-19-2.png,A254,Normal
1-1-11255988-08-1.png,A120,Normal
1-1-11308064-01-1.png,A134,Abnormal
1-1-11313838-01-1.png,A099,Normal
1-1-11384537-02-1.png,A025,Normal
1-1-11411141-01-2.png,A146,Abnormal
1-1-11437346-01-1.png,A032,Abnormal
1-1-11484202-01-1.png,A217,Normal
1-1-11578301-03-1.png,A015,Normal
1-1-11729752-01-1.png,A063,Normal
1-1-11834767-01-1.png,A238,Normal
1-1-11839016-03-1.png,A020,Abnormal
1-1-11862577-01-1.png,A199,Normal
1-1-11899569-10-1.png,A269,Normal
1-1-11948841-02-1.png,A013,Normal
1-1-11967683-04-1.png,A054,Normal
1-1-12009813-01-1.png,A243,Normal
1-1-12079400-21-1.png,A176,Abnormal
1-1-12098750-01-1.png,A129,Normal
1-1-12110495-02-1.png,A150,Abnormal
1-1-12153312-04-1.png,A006,Normal
1-1-12183714-12-1.png,A064,Abnormal
1-1-12248936-05-1.png,A092,Abnormal
1-1-12251689-02-1.png,A187,Normal
1-1-12288867-05-1.png,A216,Abnormal
1-1-12313457-01-1.png,A213,Normal
1-1-12315365-01-1.png,A109,Normal
1-1-12334850-01-1.png,A245,Normal
1-1-12337124-01-1.png,A221,Abnormal
1-1-12340122-03-1.png,A230,Abnormal
1-1-12412590-04-1.png,A184,Abnormal
1-1-12447699-03-1.png,A123,Normal
1-1-12452180-05-1.png,A018,Abnormal
1-1-12504554-01-1.png,A077,Normal
1-1-12585868-03-1.png,A182,Normal
1-1-12604446-04-1.png,A164,Abnormal
1-1-12640191-01-2.png,A268,Abnormal
1-1-12642570-01-1.png,A259,Normal
1-1-12651069-03-1.png,A173,Normal
1-1-12702912-05-1.png,A169,Normal
1-1-12749036-06-1.png,A194,Abnormal
1-1-12760762-02-2.png,A019,Normal
1-1-12776401-02-1.png,A044,Abnormal
1-1-12803973-01-1.png,A151,Normal
1-1-12831174-01-1.png,A103,Normal
1-1-12900275-04-1.png,A071,Normal
1-1-12911473-07-1.png,A012,Abnormal
1-1-12984190-01-1.png,A125,Normal
1-1-12989304-09-1.png,A152,Abnormal
1-1-13011899-01-1.png,A264,Abnormal
1-1-13188852-01-2.png,A110,Normal
1-1-13189654-01-1.png,A095,Normal
1-1-13243686-01-1.png,A207,Normal
1-1-13247319-05-1.png,A249,Normal
1-1-13369196-01-1.png,A258,Abnormal
1-1-13395358-01-1.png,A197,Normal
1-1-13404143-01-1.png,A096,Normal
1-1-13461701-02-1.png,A085,Normal
1-1-13512647-01-1.png,A236,Abnormal
1-1-13727871-04-1.png,A226,Abnormal
1-1-13799154-03-1.png,A147,Normal
1-1-13800231-02-1.png,A185,Normal
1-1-13809882-03-1.png,A068,Abnormal
1-1-13852963-01-1.png,A229,Abnormal
1-1-13902721-04-1.png,A206,Normal
1-1-13903530-05-1.png,A033,Normal
1-1-13931815-04-1.png,A026,Abnormal
1-1-14031716-01-1.png,A009,Normal
1-1-14086847-06-1.png,A142,Abnormal
1-1-14120706-01-1.png,A263,Normal
1-1-14131135-11-1.png,A214,Normal
1-1-14153387-01-1.png,A101,Normal
1-1-14171162-02-1.png,A235,Normal
1-1-14216621-03-1.png,A149,Normal
1-1-14292260-01-1.png,A193,Normal
1-1-14312165-01-1.png,A175,Normal
1-1-14339523-01-1.png,A100,Abnormal
1-1-14365867-04-1.png,A244,Abnormal
1-1-14395254-01-1.png,A039,Normal
1-1-14454771-01-1.png,A067,Normal
1-1-14455728-01-1.png,A117,Normal
1-1-14464333-12-1.png,A014,Normal
1-1-14468633-01-1.png,A133,Normal
1-1-14483570-05-1.png,A232,Abnormal
1-1-14484935-01-1.png,A128,Normal
1-1-14515699-01-1.png,A132,Abnormal
1-1-14516578-02-1.png,A159,Normal
1-1-14535212-12-1.png,A130,Abnormal
1-1-14619073-01-1.png,A116,Abnormal
1-1-14647591-01-1.png,A050,Abnormal
1-1-14772098-01-1.png,A240,Abnormal
1-1-14793896-02-1.png,A191,Normal
1-1-14827774-01-1.png,A165,Normal
1-1-14891413-01-1.png,A105,Normal
1-1-14906171-01-1.png,A203,Normal
1-1-14932641-34-2.png,A058,Abnormal
1-1-14953471-06-1.png,A231,Normal
1-1-14981236-04-1.png,A001,Normal
1-1-14997223-61-1.png,A158,Abnormal
1-1-15004061-04-1.png,A121,Normal
1-1-15107347-33-1.png,A131,Normal
1-1-15124496-01-2.png,A115,Normal
1-1-15173387-07-1.png,A052,Abnormal
1-1-15206519-02-1.png,A192,Abnormal
1-1-15310041-01-1.png,A079,Normal
1-1-15347976-01-1.png,A087,Normal
1-1-15375159-03-1.png,A174,Abnormal
1-1-15378075-07-1.png,A256,Abnormal
1-1-15400169-02-1.png,A049,Normal
1-1-15403351-06-1.png,A024,Normal
1-1-15415146-02-1.png,A215,Normal
1-1-15517256-06-1.png,A144,Abnormal
1-1-15617337-08-1.png,A181,Normal
1-1-15634195-09-1.png,A056,Normal
1-1-15637056-01-1.png,A219,Normal
1-1-15640404-09-1.png,A188,Abnormal
1-1-15645746-03-1.png,A089,Normal
1-1-15672470-03-1.png,A154,Abnormal
1-1-15725162-02-1.png,A246,Normal
1-1-15798197-01-1.png,A072,Abnormal
1-1-15810414-01-1.png,A239,Normal
1-1-15849843-01-1.png,A237,Normal
1-1-15902651-01-1.png,A073,Normal
1-1-15938425-04-1.png,A097,Normal
1-1-15984252-02-1.png,A260,Normal
1-1-16042136-02-1.png,A138,Abnormal
1-1-16096550-03-1.png,A007,Normal
1-1-16147766-01-1.png,A241,Normal
1-1-16213706-06-1.png,A065,Normal
1-1-16230578-01-1.png,A218,Normal
1-1-16249475-01-1.png,A223,Normal
1-1-16283494-10-1.png,A170,Abnormal
1-1-16290929-12-1.png,A208,Normal
1-1-16374948-01-1.png,A091,Normal
1-1-16425412-21-1.png,A210,Normal
1-1-16432278-01-1.png,A059,Normal
1-1-16447771-01-1.png,A038,Normal
1-1-16459432-13-1.png,A004,Abnormal
1-1-16471016-02-1.png,A086,Abnormal
1-1-16496557-01-1.png,A047,Normal
1-1-16507140-07-1.png,A166,Abnormal
1-1-16625180-02-1.png,A222,Abnormal
1-1-16728483-01-1.png,A201,Normal
1-1-16731886-01-1.png,A168,Normal
1-1-16810870-01-1.png,A003,Normal
1-1-16834871-02-1.png,A265,Normal
1-1-16940190-01-1.png,A045,Normal
1-1-16950272-05-1.png,A247,Normal
1-1-16962213-01-1.png,A031,Normal
1-1-16982081-08-1.png,A248,Abnormal
1-1-16995509-06-1.png,A233,Normal
1-1-17030061-01-1.png,A027,Normal
1-1-17056573-02-1.png,A037,Normal
1-1-17072837-02-1.png,A028,Abnormal
1-1-17078582-01-1.png,A153,Normal
1-1-17109434-01-1.png,A104,Abnormal
1-1-17121168-01-1.png,A177,Normal
1-1-17186187-05-1.png,A066,Normal
1-1-17213505-01-1.png,A257,Normal
1-1-17225573-01-1.png,A030,Abnormal
1-1-17269391-01-1.png,A093,Normal
1-1-17347503-01-1.png,A053,Normal
1-1-17371303-02-1.png,A198,Abnormal
1-1-17387734-04-1.png,A145,Normal
1-1-17415919-03-1.png,A261,Normal
1-1-17420067-01-1.png,A035,Normal
1-1-17421215-02-1.png,A040,Abnormal
1-1-17422041-04-1.png,A084,Abnormal
1-1-17427285-08-1.png,A062,Abnormal
1-1-17429280-02-1.png,A102,Abnormal
1-1-17430262-05-1.png,A016,Normal
1-1-17453021-02-1.png,A069,Normal
1-1-17584316-04-1.png,A251,Normal
1-1-17636445-01-1.png,A098,Abnormal
1-1-17705903-01-1.png,A029,Normal
1-1-17710401-04-1.png,A200,Normal
1-1-17732045-02-1.png,A163,Normal
1-1-17794566-01-1.png,A180,Normal
1-1-17804936-07-1.png,A021,Normal
1-1-17815355-02-1.png,A051,Normal
1-1-17856695-01-1.png,A156,Abnormal
1-1-17964527-01-1.png,A034,Normal
1-1-17976153-02-1.png,A080,Abnormal
1-1-17980895-02-1.png,A113,Normal
1-1-18008823-01-1.png,A155,Normal
1-1-18021477-01-1.png,A143,Normal
1-1-18022969-01-1.png,A106,Normal
1-1-18032181-05-1.png,A124,Abnormal
1-1-18047888-04-1.png,A178,Abnormal
1-1-18066195-01-1.png,A195,Normal
1-1-18087759-02-1.png,A075,Normal
1-1-18100389-02-1.png,A043,Normal
1-1-18112176-09-1.png,A266,Abnormal
1-1-18165151-02-1.png,A270,Abnormal
1-1-18214395-08-1.png,A225,Normal
1-1-18221048-04-1.png,A227,Normal
1-1-18251631-01-1.png,A183,Normal
1-1-18274437-01-1.png,A253,Normal
1-1-18329445-02-1.png,A202,Normal
1-1-18344776-02-1.png,A167,Normal
1-1-18362719-01-1.png,A022,Abnormal
1-1-18507398-01-1.png,A119,Normal
1-1-18612728-01-1.png,A060,Normal
1-1-18686201-04-1.png,A212,Abnormal
1-1-18717812-01-1.png,A252,Abnormal
1-1-18760533-01-1.png,A005,Normal
1-1-18823151-17-1.png,A186,Normal
1-1-18847661-02-1.png,A209,Normal
1-1-18858092-01-1.png,A057,Normal
1-1-18935604-06-1.png,A162,Abnormal
1-1-18959921-04-1.png,A041,Normal
1-1-19020344-01-1.png,A011,Normal
1-1-19033014-03-1.png,A190,Abnormal
1-1-19043010-04-1.png,A061,Normal
1-1-19043787-03-1.png,A118,Normal
1-1-19053975-02-1.png,A135,Normal
1-1-19054301-05-1.png,A114,Abnormal
1-1-19054940-03-1.png,A008,Normal
1-1-19149510-01-1.png,A172,Normal
1-1-19161509-04-1.png,A220,Normal
1-1-19166723-03-1.png,A074,Abnormal
1-1-19221748-13-1.png,A088,Abnormal
1-1-19227210-01-1.png,A179,Normal
1-1-19253431-05-1.png,A078,Abnormal
1-1-19278499-09-1.png,A211,Normal
1-1-19338803-15-1.png,A204,Normal
1-1-19462705-01-1.png,A171,Normal
1-1-19607507-34-1.png,A127,Normal
1-1-19610664-01-1.png,A111,Normal
1-1-19654136-04-1.png,A046,Abnormal
1-1-19757198-01-1.png,A002,Normal
1-1-19781176-01-1.png,A267,Normal
1-1-19792705-02-1.png,A036,Abnormal
1-1-19826426-06-1.png,A042,Abnormal
1-1-19855550-01-1.png,A055,Normal
1-1-19865640-03-1.png,A224,Normal
1-1-10305105-04-1.png,B078,Pneumonia
1-1-10803413-10-1.png,B147,Pneumonia
1-1-10860432-02-1.png,B180,Pneumonia
1-1-10872780-03-1.png,B151,Edema
1-1-10918925-05-1.png,B220,Edema
1-1-11209060-09-1.png,B074,Edema
1-1-11213607-03-1.png,B033,Pneumonia
1-1-11281568-12-1.png,B171,Pneumonia
1-1-11281568-32-2.png,B079,Pneumonia
1-1-11372027-14-1.png,B187,Edema
1-1-11384398-01-1.png,B138,Edema
1-1-11387486-02-1.png,B223,Edema
1-1-11390987-03-1.png,B093,Edema
1-1-11468736-04-1.png,B215,Pneumonia
1-1-11506052-01-1.png,B184,Pneumonia
1-1-11516863-01-1.png,B127,Edema
1-1-11573149-10-1.png,B017,Edema
1-1-11637705-05-1.png,B200,Edema
1-1-11649885-03-1.png,B013,Pneumonia
1-1-11740056-04-1.png,B166,Edema
1-1-11959638-07-1.png,B055,Edema
1-1-12347683-06-1.png,B114,Pneumonia
1-1-12363835-04-1.png,B037,Edema
1-1-12456824-03-1.png,B249,Edema
1-1-12557139-07-2.png,B163,Edema
1-1-12633029-01-1.png,B012,Pneumonia
1-1-12876138-03-1.png,B195,Edema
1-1-12953903-02-1.png,B040,Edema
1-1-12956096-03-1.png,B153,Edema
1-1-13122881-02-1.png,B225,Edema
1-1-13130982-01-1.png,B247,Edema
1-1-13243522-27-1.png,B124,Pneumonia
1-1-13389369-02-1.png,B020,Edema
1-1-13440196-06-1.png,B044,Edema
1-1-13489125-03-1.png,B255,Pneumonia
1-1-13591889-01-1.png,B073,Edema
1-1-13620891-01-1.png,B065,Pneumonia
1-1-13648633-35-1.png,B194,Pneumonia
1-1-13723320-06-1.png,B064,Pneumonia
1-1-13819183-02-1.png,B248,Edema
1-1-13894258-02-1.png,B164,Edema
1-1-13912710-06-1.png,B016,Edema
1-1-14474735-03-1.png,B107,Edema
1-1-14494263-30-1.png,B185,Pneumonia
1-1-14559362-01-1.png,B129,Pneumonia
1-1-14709541-01-1.png,B028,Edema
1-1-14716502-01-1.png,B046,Pneumonia
1-1-14787989-04-1.png,B024,Edema
1-1-14834029-07-1.png,B043,Edema
1-1-14858015-01-1.png,B070,Edema
1-1-14910256-04-1.png,B058,Edema
1-1-14927306-08-1.png,B031,Edema
1-1-15016435-01-1.png,B150,Edema
1-1-15035317-03-2.png,B264,Edema
1-1-15137342-02-1.png,B160,Pneumonia
1-1-15344483-11-1.png,B203,Edema
1-1-15361225-07-1.png,B211,Edema
1-1-15388943-01-1.png,B236,Edema
1-1-15389058-04-1.png,B110,Edema
1-1-15389058-23-1.png,B011,Edema
1-1-15566010-02-1.png,B238,Edema
1-1-15778426-01-1.png,B066,Edema
1-1-15934572-08-2.png,B216,Pneumonia
1-1-15968358-01-1.png,B005,Edema
1-1-16234474-19-1.png,B001,Edema
1-1-16254738-05-1.png,B240,Pneumonia
1-1-16275067-02-2.png,B048,Pneumonia
1-1-16350202-01-1.png,B210,Edema
1-1-16378267-03-1.png,B015,Edema
1-1-16414344-10-1.png,B217,Edema
1-1-16459432-05-1.png,B049,Edema
1-1-16510607-03-1.png,B169,Edema
1-1-16545654-01-1.png,B112,Pneumonia
1-1-16581441-02-1.png,B172,Pneumonia
1-1-16668491-01-1.png,B252,Edema
1-1-16676893-02-2.png,B084,Edema
1-1-16724859-05-1.png,B256,Edema
1-1-16892349-30-1.png,B054,Pneumonia
1-1-16976054-01-2.png,B077,Pneumonia
1-1-17016980-01-1.png,B186,Pneumonia
1-1-17038863-05-1.png,B237,Pneumonia
1-1-17133509-03-1.png,B007,Edema
1-1-17302510-01-1.png,B175,Edema
1-1-17322218-04-2.png,B182,Edema
1-1-17345538-15-1.png,B095,Edema
1-1-17354160-01-1.png,B168,Edema
1-1-17355457-03-1.png,B068,Edema
1-1-17361720-08-1.png,B099,Pneumonia
1-1-17554404-15-1.png,B179,Pneumonia
1-1-17578072-01-1.png,B202,Edema
1-1-17589503-13-1.png,B125,Pneumonia
1-1-17815057-02-1.png,B071,Edema
1-1-17816113-04-1.png,B120,Edema
1-1-17866604-02-1.png,B090,Edema
1-1-18135671-02-1.png,B146,Edema
1-1-18281543-01-1.png,B137,Edema
1-1-18388859-20-1.png,B087,Edema
1-1-18454110-19-1.png,B227,Edema
1-1-18523436-01-1.png,B080,Pneumonia
1-1-18537315-07-1.png,B072,Edema
1-1-18632133-02-1.png,B010,Edema
1-1-18709565-04-1.png,B032,Edema
1-1-18835879-02-1.png,B174,Edema
1-1-19020115-02-1.png,B098,Edema
1-1-19023015-01-1.png,B136,Edema
1-1-19112135-03-1.png,B263,Edema
1-1-19191576-02-1.png,B134,Edema
1-1-19231238-13-2.png,B041,Edema
1-1-19470900-12-1.png,B119,Pneumonia
1-1-19509694-27-1.png,B205,Pneumonia
1-1-19555515-02-1.png,B122,Edema
1-1-19654137-11-1.png,B178,Edema
1-1-19655299-02-1.png,B069,Pneumonia
1-1-19840128-12-1.png,B135,Pneumonia
1-1-19880967-04-1.png,B232,Edema
2-1-00000155-06-1.png,B034,Edema
2-1-00000616-01-1.png,B006,Edema
2-1-00000617-01-1.png,B050,Edema
2-1-00001443-01-1.png,B214,Pneumonia
2-1-00001443-01-2.png,B014,Pneumonia
2-1-00002377-20-1.png,B097,Edema
2-1-00002673-09-1.png,B022,Edema
2-1-00002860-01-1.png,B021,Edema
2-1-00002979-03-1.png,B042,Edema
2-1-00002992-01-1.png,B266,Pneumonia
2-1-00003520-03-1.png,B116,Edema
2-1-00004279-06-1.png,B023,Pneumonia
2-1-00004314-03-1.png,B159,Pneumonia
2-1-00005385-01-1.png,B234,Edema
2-1-00005449-01-1.png,B126,Edema
2-1-00006194-02-1.png,B091,Pneumonia
2-1-00006518-01-1.png,B228,Edema
2-1-00006909-01-1.png,B173,Edema
2-1-00007188-01-1.png,B196,Edema
2-1-00008024-01-1.png,B170,Edema
2-1-00008356-01-1.png,B262,Edema
2-1-00008536-03-1.png,B192,Edema
2-1-00008847-01-1.png,B241,Pneumonia
2-1-00009056-01-1.png,B102,Edema
2-1-00009477-09-1.png,B243,Edema
2-1-00009784-01-1.png,B128,Edema
2-1-00009902-01-1.png,B076,Edema
2-1-00010074-12-1.png,B123,Edema
2-1-00010283-05-1.png,B132,Edema
2-1-00010760-01-2.png,B231,Edema
2-1-00010803-02-1.png,B246,Pneumonia
2-1-00011056-06-1.png,B218,Pneumonia
2-1-00011704-02-1.png,B165,Edema
2-1-00012175-09-1.png,B193,Pneumonia
2-1-00012233-01-1.png,B030,Edema
2-1-00012233-02-1.png,B242,Edema
2-1-00012710-07-1.png,B036,Edema
2-1-00012809-17-1.png,B100,Pneumonia
2-1-00012872-04-1.png,B253,Edema
2-1-00013017-03-1.png,B206,Pneumonia
2-1-00013423-02-1.png,B212,Pneumonia
2-1-00013515-14-1.png,B109,Edema
2-1-00014324-01-1.png,B230,Pneumonia
2-1-00014459-01-1.png,B222,Edema
2-1-00014571-01-1.png,B208,Edema
2-1-00015304-01-1.png,B183,Edema
2-1-00015462-04-1.png,B118,Edema
2-1-00015496-11-1.png,B067,Pneumonia
2-1-00015736-01-1.png,B226,Edema
2-1-00016442-07-1.png,B060,Edema
2-1-00016793-04-1.png,B059,Edema
2-1-00017226-01-1.png,B239,Edema
2-1-00017403-01-1.png,B052,Pneumonia
2-1-00018062-02-1.png,B224,Edema
2-1-00018077-11-1.png,B221,Pneumonia
2-1-00018562-01-2.png,B057,Edema
2-1-00018617-03-1.png,B270,Edema
2-1-00018892-08-1.png,B257,Edema
2-1-00018988-08-1.png,B219,Edema
2-1-00019650-02-1.png,B131,Edema
2-1-00019937-01-1.png,B265,Edema
2-1-00020046-12-1.png,B268,Pneumonia
2-1-00020408-05-1.png,B152,Edema
2-1-00020789-02-1.png,B121,Edema
2-1-00021000-01-1.png,B144,Edema
2-1-00021728-04-1.png,B190,Edema
2-1-00022306-01-1.png,B141,Edema
2-1-00022388-01-1.png,B101,Pneumonia
2-1-00023057-01-1.png,B082,Pneumonia
2-1-00023380-07-1.png,B029,Pneumonia
2-1-00025122-01-1.png,B254,Edema
2-1-00025476-01-1.png,B008,Edema
2-1-00025914-19-1.png,B108,Edema
2-1-00026309-04-1.png,B106,Edema
2-1-00026949-06-1.png,B035,Edema
2-1-00027828-02-1.png,B251,Pneumonia
2-1-00027840-01-1.png,B235,Edema
2-1-00028539-13-1.png,B027,Pneumonia
2-1-00028590-19-1.png,B003,Pneumonia
2-1-00028614-43-1.png,B115,Pneumonia
2-1-00028658-06-1.png,B142,Edema
2-1-00028995-01-1.png,B245,Edema
2-1-00029108-01-1.png,B188,Edema
2-1-00029619-06-1.png,B143,Edema
2-1-00029825-30-1.png,B075,Pneumonia
2-1-00030513-09-1.png,B062,Pneumonia
2-1-00030759-03-1.png,B133,Edema
2-1-00030956-01-1.png,B244,Edema
2-1-00031103-01-1.png,B139,Pneumonia
2-1-00031110-01-1.png,B140,Pneumonia
2-1-00031164-02-1.png,B204,Edema
2-1-00031818-01-1.png,B094,Pneumonia
2-1-00032399-02-1.png,B261,Edema
2-1-00032755-03-1.png,B250,Pneumonia
2-1-00033091-01-1.png,B096,Edema
2-1-00034390-01-1.png,B104,Edema
2-1-00034396-25-1.png,B197,Pneumonia
2-1-00034562-05-1.png,B148,Edema
2-1-00034726-06-1.png,B229,Edema
2-1-00034948-07-1.png,B103,Edema
2-1-00034984-05-1.png,B117,Edema
2-1-00035707-09-1.png,B113,Edema
2-1-00035927-01-1.png,B063,Edema
2-1-00036622-08-1.png,B154,Edema
2-1-00036984-02-1.png,B004,Pneumonia
2-1-00038854-01-1.png,B018,Pneumonia
2-1-00038949-13-1.png,B181,Pneumonia
2-1-00039220-02-1.png,B051,Edema
2-1-00040300-01-1.png,B201,Edema
2-1-00040730-01-1.png,B233,Edema
2-1-00040761-05-1.png,B156,Edema
2-1-00041317-02-1.png,B083,Pneumonia
2-1-00042607-02-1.png,B259,Edema
2-1-00043690-04-1.png,B145,Edema
2-1-00043849-03-1.png,B167,Edema
2-1-00044033-01-1.png,B045,Pneumonia
2-1-00044235-06-1.png,B047,Edema
2-1-00044326-01-1.png,B162,Edema
2-1-00044647-01-1.png,B199,Edema
2-1-00045012-01-1.png,B081,Pneumonia
2-1-00045740-01-1.png,B105,Pneumonia
2-1-00046517-02-1.png,B089,Pneumonia
2-1-00047043-05-1.png,B269,Edema
2-1-00048547-10-1.png,B258,Pneumonia
2-1-00048576-04-1.png,B061,Pneumonia
2-1-00048649-01-1.png,B213,Edema
2-1-00048674-01-1.png,B085,Edema
2-1-00049408-02-1.png,B149,Pneumonia
2-1-00049529-05-1.png,B155,Pneumonia
2-1-00049985-02-1.png,B056,Edema
2-1-00050817-01-1.png,B207,Edema
2-1-00051162-02-1.png,B177,Pneumonia
2-1-00051211-02-1.png,B009,Pneumonia
2-1-00051408-01-1.png,B086,Edema
2-1-00052024-01-1.png,B130,Pneumonia
2-1-00053187-01-1.png,B158,Pneumonia
2-1-00053597-01-1.png,B019,Pneumonia
2-1-00053992-01-1.png,B189,Pneumonia
2-1-00056060-01-1.png,B002,Pneumonia
2-1-00056075-01-1.png,B176,Edema
2-1-00056778-02-1.png,B157,Edema
2-1-00057162-01-1.png,B026,Edema
2-1-00057623-01-1.png,B111,Edema
2-1-00057900-01-1.png,B209,Pneumonia
2-1-00058390-01-1.png,B088,Edema
2-1-00058868-02-1.png,B092,Edema
2-1-00059187-01-1.png,B267,Edema
2-1-00060585-01-2.png,B198,Pneumonia
2-1-00061789-01-1.png,B039,Edema
2-1-00062503-01-1.png,B038,Edema
2-1-00062643-01-1.png,B053,Pneumonia
2-1-00063025-01-1.png,B025,Pneumonia
2-1-00063496-01-1.png,B161,Edema
2-1-00064188-01-1.png,B260,Edema
2-1-00064417-01-1.png,B191,Edema
1-1-10295447-04-1.png,B304,Pneumonia
1-1-10832365-03-1.png,B382,Pneumonia
1-1-10867166-03-1.png,B341,Pneumonia
1-1-11967908-40-1.png,B381,Pneumonia
1-1-12390274-17-1.png,B295,Edema
1-1-12392732-01-1.png,B340,Edema
1-1-12799966-11-1.png,B279,Pneumonia
1-1-13179429-03-1.png,B394,Edema
1-1-13186935-03-2.png,B301,Edema
1-1-13261557-07-1.png,B271,Edema
1-1-13314609-01-1.png,B344,Edema
1-1-13607095-15-1.png,B292,Pneumonia
1-1-13619431-03-1.png,B343,Edema
1-1-13722528-02-1.png,B352,Edema
1-1-14217667-01-1.png,B275,Edema
1-1-14495401-02-1.png,B396,Pneumonia
1-1-14567555-07-1.png,B315,Pneumonia
1-1-15306525-01-1.png,B372,Edema
1-1-15344483-07-1.png,B393,Edema
1-1-15389668-02-1.png,B364,Pneumonia
1-1-15443439-20-1.png,B296,Pneumonia
1-1-15614172-06-1.png,B404,Pneumonia
1-1-15783916-08-1.png,B309,Pneumonia
1-1-15826218-03-1.png,B299,Edema
1-1-16359268-04-1.png,B332,Pneumonia
1-1-16472049-03-1.png,B293,Pneumonia
1-1-16473192-05-1.png,B321,Edema
1-1-16617005-12-1.png,B365,Pneumonia
1-1-16715414-01-1.png,B320,Pneumonia
1-1-16733321-04-1.png,B298,Edema
1-1-16742247-19-1.png,B286,Edema
1-1-17033441-02-1.png,B317,Edema
1-1-17522491-04-1.png,B276,Edema
1-1-17649604-04-1.png,B387,Pneumonia
1-1-17700773-02-2.png,B336,Edema
1-1-18416473-03-1.png,B357,Edema
1-1-18497646-03-1.png,B361,Edema
1-1-19103307-01-1.png,B328,Edema
1-1-19136566-02-1.png,B369,Edema
1-1-19470863-01-1.png,B397,Edema
1-1-19548130-19-1.png,B342,Pneumonia
1-1-19674970-03-1.png,B373,Pneumonia
1-1-19733634-01-1.png,B385,Edema
1-1-19747837-07-1.png,B376,Pneumonia
1-1-19754677-01-1.png,B379,Edema
1-1-19793246-04-1.png,B377,Edema
1-1-19818243-04-1.png,B284,Pneumonia
1-1-19902080-14-1.png,B399,Edema
1-1-19990821-13-1.png,B380,Pneumonia
2-1-00000161-01-1.png,B310,Edema
2-1-00000701-01-1.png,B326,Edema
2-1-00000796-01-1.png,B283,Edema
2-1-00002119-13-1.png,B277,Pneumonia
2-1-00002195-03-1.png,B400,Pneumonia
2-1-00002875-09-1.png,B392,Edema
2-1-00003457-03-1.png,B300,Pneumonia
2-1-00003500-11-1.png,B272,Pneumonia
2-1-00003621-05-1.png,B401,Pneumonia
2-1-00003717-03-1.png,B403,Pneumonia
2-1-00005678-04-1.png,B280,Pneumonia
2-1-00005881-01-1.png,B338,Edema
2-1-00006751-01-1.png,B360,Edema
2-1-00007174-01-1.png,B350,Pneumonia
2-1-00007494-02-1.png,B314,Edema
2-1-00008578-01-1.png,B325,Pneumonia
2-1-00009052-25-1.png,B287,Edema
2-1-00009323-01-1.png,B290,Pneumonia
2-1-00009724-03-1.png,B331,Pneumonia
2-1-00009957-11-1.png,B359,Edema
2-1-00010093-03-1.png,B282,Edema
2-1-00010093-03-2.png,B288,Edema
2-1-00010440-01-1.png,B302,Pneumonia
2-1-00011688-02-1.png,B324,Pneumonia
2-1-00012358-01-1.png,B278,Edema
2-1-00014471-01-1.png,B358,Edema
2-1-00014743-01-1.png,B318,Pneumonia
2-1-00015422-01-1.png,B355,Pneumonia
2-1-00015619-01-1.png,B334,Edema
2-1-00015839-02-1.png,B388,Edema
2-1-00016182-01-1.png,B374,Pneumonia
2-1-00016320-08-1.png,B378,Edema
2-1-00016800-01-1.png,B322,Pneumonia
2-1-00017483-10-1.png,B306,Edema
2-1-00017849-01-1.png,B402,Edema
2-1-00019553-01-1.png,B363,Pneumonia
2-1-00022004-04-1.png,B329,Edema
2-1-00023046-01-1.png,B330,Edema
2-1-00024578-10-1.png,B384,Pneumonia
2-1-00024687-01-1.png,B346,Edema
2-1-00024938-02-1.png,B345,Pneumonia
2-1-00026323-07-1.png,B327,Pneumonia
2-1-00027560-02-1.png,B348,Pneumonia
2-1-00027805-13-1.png,B289,Edema
2-1-00027892-02-1.png,B285,Edema
2-1-00028590-04-1.png,B391,Edema
2-1-00028941-05-1.png,B386,Pneumonia
2-1-00029326-24-1.png,B323,Edema
2-1-00029577-05-1.png,B349,Pneumonia
2-1-00029751-01-1.png,B308,Pneumonia
2-1-00029847-01-1.png,B294,Pneumonia
2-1-00030969-02-1.png,B353,Edema
2-1-00031947-03-1.png,B362,Edema
2-1-00032748-01-1.png,B303,Pneumonia
2-1-00033454-02-1.png,B312,Edema
2-1-00033679-01-1.png,B337,Pneumonia
2-1-00033894-19-1.png,B370,Pneumonia
2-1-00034015-01-1.png,B274,Edema
2-1-00035986-01-1.png,B319,Pneumonia
2-1-00038096-05-1.png,B375,Pneumonia
2-1-00038551-04-1.png,B311,Pneumonia
2-1-00038608-01-1.png,B368,Edema
2-1-00039106-06-1.png,B313,Pneumonia
2-1-00039417-17-1.png,B383,Pneumonia
2-1-00039960-03-1.png,B297,Pneumonia
2-1-00041037-06-1.png,B356,Pneumonia
2-1-00042091-01-1.png,B291,Pneumonia
2-1-00042247-01-1.png,B367,Pneumonia
2-1-00042392-01-1.png,B389,Pneumonia
2-1-00042832-02-1.png,B333,Edema
2-1-00042948-04-1.png,B335,Pneumonia
2-1-00046282-02-1.png,B307,Edema
2-1-00048667-02-1.png,B281,Pneumonia
2-1-00049099-01-1.png,B354,Edema
2-1-00049741-01-1.png,B371,Pneumonia
2-1-00049794-09-1.png,B351,Edema
2-1-00050815-02-1.png,B316,Pneumonia
2-1-00051298-02-1.png,B366,Pneumonia
2-1-00053470-01-1.png,B395,Edema
2-1-00053546-01-1.png,B273,Edema
2-1-00054854-01-1.png,B305,Pneumonia
2-1-00055431-01-1.png,B347,Edema
2-1-00062997-01-1.png,B398,Pneumonia
2-1-00063181-01-1.png,B339,Pneumonia
2-1-00064274-01-1.png,B390,Pneumonia
1-1-10180407-06-1.png,A291,Normal
1-1-10312715-04-1.png,A311,Normal
1-1-10352490-01-1.png,A279,Normal
1-1-10373833-02-1.png,A330,Abnormal
1-1-10387770-08-1.png,A326,Abnormal
1-1-10447634-11-1.png,A362,Normal
1-1-10483660-01-1.png,A368,Abnormal
1-1-10537151-01-1.png,A355,Normal
1-1-10575383-03-1.png,A274,Abnormal
1-1-10808419-01-1.png,A294,Abnormal
1-1-10833257-01-1.png,A354,Normal
1-1-10965904-03-1.png,A372,Abnormal
1-1-10983866-01-1.png,A298,Abnormal
1-1-11000566-01-1.png,A397,Normal
1-1-11022826-04-1.png,A310,Normal
1-1-11032798-03-1.png,A365,Normal
1-1-11152196-03-1.png,A341,Normal
1-1-11164577-01-1.png,A402,Abnormal
1-1-11237924-01-1.png,A273,Normal
1-1-11300822-07-1.png,A324,Abnormal
1-1-11354018-01-1.png,A305,Normal
1-1-11391664-04-1.png,A329,Normal
1-1-11409385-02-3.png,A378,Abnormal
1-1-11424223-01-1.png,A309,Normal
1-1-11438336-02-1.png,A344,Abnormal
1-1-11441946-12-1.png,A398,Abnormal
1-1-11500928-03-1.png,A323,Normal
1-1-11544910-02-1.png,A333,Normal
1-1-11667361-03-1.png,A295,Normal
1-1-11746946-07-1.png,A292,Normal
1-1-11766017-01-2.png,A351,Normal
1-1-11766333-19-1.png,A340,Abnormal
1-1-11831046-05-1.png,A332,Normal
1-1-11864591-01-1.png,A325,Normal
1-1-12100506-01-1.png,A343,Normal
1-1-12121921-02-1.png,A317,Normal
1-1-12296114-01-1.png,A301,Normal
1-1-12455618-02-1.png,A289,Normal
1-1-12479159-15-1.png,A308,Abnormal
1-1-12607646-01-1.png,A290,Abnormal
1-1-12654170-05-1.png,A370,Abnormal
1-1-12676709-02-1.png,A271,Normal
1-1-12684253-05-1.png,A358,Abnormal
1-1-12732467-05-1.png,A278,Normal
1-1-12752161-01-1.png,A307,Normal
1-1-12825222-01-1.png,A314,Abnormal
1-1-12883763-04-1.png,A391,Normal
1-1-12887554-01-1.png,A385,Normal
1-1-12900275-06-1.png,A312,Abnormal
1-1-13016194-01-1.png,A347,Normal
1-1-13122325-05-1.png,A379,Normal
1-1-13152637-02-1.png,A394,Abnormal
1-1-13165085-02-1.png,A280,Abnormal
1-1-13173167-01-1.png,A400,Abnormal
1-1-13246082-02-1.png,A283,Normal
1-1-13247594-02-1.png,A315,Normal
1-1-13299143-02-1.png,A276,Abnormal
1-1-13380715-01-1.png,A395,Normal
1-1-13500734-04-1.png,A381,Normal
1-1-13521231-01-1.png,A367,Normal
1-1-13586492-01-1.png,A293,Normal
1-1-13635791-06-1.png,A369,Normal
1-1-13852361-06-1.png,A371,Normal
1-1-13872997-15-1.png,A304,Abnormal
1-1-13927856-01-1.png,A360,Abnormal
1-1-13944260-01-1.png,A349,Normal
1-1-13972415-01-1.png,A300,Abnormal
1-1-14023761-02-1.png,A353,Normal
1-1-14260816-02-1.png,A377,Normal
1-1-14264400-04-1.png,A392,Abnormal
1-1-14318651-06-1.png,A277,Normal
1-1-14451630-01-1.png,A338,Normal
1-1-14908132-01-2.png,A386,Abnormal
1-1-14960437-02-1.png,A357,Normal
1-1-14976423-13-1.png,A334,Abnormal
1-1-15056079-04-1.png,A322,Normal
1-1-15156444-01-1.png,A297,Normal
1-1-15334082-01-1.png,A383,Normal
1-1-15368003-05-1.png,A396,Abnormal
1-1-15505660-02-1.png,A285,Normal
1-1-15541773-04-1.png,A374,Abnormal
1-1-15604729-11-1.png,A320,Abnormal
1-1-15606157-08-1.png,A387,Normal
1-1-15814586-01-1.png,A319,Normal
1-1-15897814-01-1.png,A337,Normal
1-1-15907663-04-1.png,A342,Abnormal
1-1-15910884-02-1.png,A401,Normal
1-1-15917432-01-1.png,A364,Abnormal
1-1-16230739-01-1.png,A350,Abnormal
1-1-16289299-04-1.png,A404,Normal
1-1-16368590-01-2.png,A363,Normal
1-1-16425412-02-1.png,A296,Abnormal
1-1-16468893-01-1.png,A303,Normal
1-1-16656438-02-1.png,A287,Normal
1-1-16818299-06-1.png,A356,Abnormal
1-1-16853317-02-1.png,A282,Abnormal
1-1-16976054-09-1.png,A388,Abnormal
1-1-17168468-02-1.png,A389,Normal
1-1-17372544-02-2.png,A272,Normal
1-1-17497544-09-2.png,A318,Normal
1-1-17507655-04-1.png,A373,Normal
1-1-17663980-01-1.png,A390,Abnormal
1-1-17683120-01-1.png,A313,Normal
1-1-17698538-01-1.png,A393,Normal
1-1-17710775-02-1.png,A327,Normal
1-1-17729489-02-1.png,A348,Normal
1-1-17751514-01-1.png,A321,Normal
1-1-17757582-01-1.png,A361,Normal
1-1-17826023-04-2.png,A346,Abnormal
1-1-17892150-01-1.png,A339,Normal
1-1-17979567-07-1.png,A382,Abnormal
1-1-18001923-16-1.png,A376,Normal
1-1-18204587-02-1.png,A345,Normal
1-1-18230892-02-1.png,A366,Normal
1-1-18259094-02-1.png,A288,Abnormal
1-1-18339582-01-1.png,A359,Normal
1-1-18403013-02-1.png,A352,Normal
1-1-18606481-05-1.png,A299,Normal
1-1-18741146-08-1.png,A316,Abnormal
1-1-18810739-01-1.png,A331,Normal
1-1-18867617-01-1.png,A399,Normal
1-1-18885710-02-1.png,A335,Normal
1-1-19039032-01-1.png,A375,Normal
1-1-19048920-07-1.png,A284,Normal
1-1-19093092-08-1.png,A302,Abnormal
1-1-19150392-11-1.png,A275,Normal
1-1-19213399-01-1.png,A328,Normal
1-1-19213399-02-1.png,A380,Normal
1-1-19338577-01-1.png,A336,Abnormal
1-1-19394918-03-1.png,A384,Abnormal
1-1-19399309-01-1.png,A286,Normal
1-1-19478422-01-1.png,A281,Normal
1-1-19637979-01-1.png,A403,Normal
1-1-19937155-01-1.png,A306,Abnormal
