data2,data3
A196,Abnormal
A141,Normal
A148,Normal
A205,Normal
A136,Abnormal
A082,Abnormal
A250,Normal
A108,Abnormal
A262,Abnormal
A076,Abnormal
A090,Abnormal
A083,Abnormal
A126,Abnormal
A107,Normal
A140,Abnormal
A160,Abnormal
A255,Normal
A242,Normal
A189,Normal
A112,Abnormal
A137,Normal
A081,Normal
A094,Abnormal
A161,Normal
A139,Normal
A157,Normal
A070,Normal
A017,Normal
A122,Abnormal
A228,Abnormal
A048,Abnormal
A023,Normal
A010,Abnormal
A234,Abnormal
A254,Abnormal
A120,Normal
A134,Abnormal
A099,Normal
A025,Normal
A146,Abnormal
A032,Abnormal
A217,Normal
A015,Normal
A063,Normal
A238,Normal
A020,Abnormal
A199,Normal
A269,Normal
A013,Normal
A054,Abnormal
A243,Abnormal
A176,Abnormal
A129,Normal
A150,Abnormal
A006,Abnormal
A064,Abnormal
A092,Abnormal
A187,Normal
A216,Abnormal
A213,Normal
A109,Normal
A245,Normal
A221,Abnormal
A230,Abnormal
A184,Abnormal
A123,Normal
A018,Abnormal
A077,Normal
A182,Normal
A164,Abnormal
A268,Abnormal
A259,Abnormal
A173,Normal
A169,Normal
A194,Abnormal
A019,Normal
A044,Abnormal
A151,Normal
A103,Normal
A071,Normal
A012,Abnormal
A125,Normal
A152,Abnormal
A264,Abnormal
A110,Normal
A095,Normal
A207,Abnormal
A249,Normal
A258,Abnormal
A197,Normal
A096,Normal
A085,Normal
A236,Abnormal
A226,Abnormal
A147,Normal
A185,Normal
A068,Abnormal
A229,Abnormal
A206,Normal
A033,Normal
A026,Abnormal
A009,Normal
A142,Abnormal
A263,Normal
A214,Normal
A101,Normal
A235,Normal
A149,Normal
A193,Normal
A175,Normal
A100,Abnormal
A244,Abnormal
A039,Normal
A067,Normal
A117,Abnormal
A014,Normal
A133,Normal
A232,Abnormal
A128,Normal
A132,Abnormal
A159,Normal
A130,Abnormal
A116,Abnormal
A050,Abnormal
A240,Abnormal
A191,Normal
A165,Normal
A105,Normal
A203,Normal
A058,Abnormal
A231,Normal
A001,Normal
A158,Abnormal
A121,Normal
A131,Normal
A115,Normal
A052,Abnormal
A192,Abnormal
A079,Normal
A087,Normal
A174,Normal
A256,Abnormal
A049,Abnormal
A024,Normal
A215,Normal
A144,Abnormal
A181,Normal
A056,Abnormal
A219,Normal
A188,Abnormal
A089,Normal
A154,Abnormal
A246,Abnormal
A072,Abnormal
A239,Normal
A237,Normal
A073,Normal
A097,Normal
A260,Normal
A138,Abnormal
A007,Normal
A241,Normal
A065,Normal
A218,Normal
A223,Normal
A170,Abnormal
A208,Abnormal
A091,Normal
A210,Normal
A059,Normal
A038,Normal
A004,Abnormal
A086,Abnormal
A047,Normal
A166,Abnormal
A222,Abnormal
A201,Normal
A168,Normal
A003,Normal
A265,Normal
A045,Normal
A247,Normal
A031,Normal
A248,Abnormal
A233,Normal
A027,Normal
A037,Normal
A028,Abnormal
A153,Normal
A104,Abnormal
A177,Normal
A066,Normal
A257,Normal
A030,Abnormal
A093,Normal
A053,Normal
A198,Abnormal
A145,Abnormal
A261,Normal
A035,Normal
A040,Abnormal
A084,Abnormal
A062,Abnormal
A102,Abnormal
A016,Normal
A069,Normal
A251,Normal
A098,Abnormal
A029,Normal
A200,Normal
A163,Normal
A180,Normal
A021,Normal
A051,Normal
A156,Abnormal
A034,Normal
A080,Abnormal
A113,Normal
A155,Normal
A143,Normal
A106,Abnormal
A124,Abnormal
A178,Abnormal
A195,Normal
A075,Normal
A043,Normal
A266,Abnormal
A270,Abnormal
A225,Normal
A227,Normal
A183,Normal
A253,Normal
A202,Normal
A167,Normal
A022,Abnormal
A119,Normal
A060,Abnormal
A212,Abnormal
A252,Abnormal
A005,Normal
A186,Abnormal
A209,Normal
A057,Abnormal
A162,Abnormal
A041,Normal
A011,Normal
A190,Abnormal
A061,Normal
A118,Normal
A135,Normal
A114,Abnormal
A008,Abnormal
A172,Abnormal
A220,Normal
A074,Abnormal
A088,Abnormal
A179,Normal
A078,Abnormal
A211,Normal
A204,Normal
A171,Normal
A127,Abnormal
A111,Normal
A046,Abnormal
A002,Normal
A267,Normal
A036,Abnormal
A042,Normal
A055,Normal
A224,Normal
B078,Edema
B147,Pneumonia
B180,Pneumonia
B151,Edema
B220,Edema
B074,Pneumonia
B033,Pneumonia
B171,Pneumonia
B079,Pneumonia
B187,Edema
B138,Edema
B223,Pneumonia
B093,Edema
B215,Edema
B184,Pneumonia
B127,Edema
B017,Edema
B200,Edema
B013,Pneumonia
B166,Edema
B055,Pneumonia
B114,Edema
B037,Edema
B249,Edema
B163,Edema
B012,Pneumonia
B195,Edema
B040,Edema
B153,Pneumonia
B225,Edema
B247,Edema
B124,Pneumonia
B020,Edema
B044,Edema
B255,Pneumonia
B073,Edema
B065,Pneumonia
B194,Edema
B064,Pneumonia
B248,Edema
B164,Edema
B016,Edema
B107,Edema
B185,Pneumonia
B129,Pneumonia
B028,Edema
B046,Pneumonia
B024,Edema
B043,Edema
B070,Edema
B058,Edema
B031,Edema
B150,Edema
B264,Edema
B160,Pneumonia
B203,Pneumonia
B211,Edema
B236,Pneumonia
B110,Edema
B011,Edema
B238,Pneumonia
B066,Edema
B216,Pneumonia
B005,Edema
B001,Edema
B240,Pneumonia
B048,Pneumonia
B210,Edema
B015,Edema
B217,Edema
B049,Edema
B169,Edema
B112,Edema
B172,Pneumonia
B252,Edema
B084,Pneumonia
B256,Edema
B054,Pneumonia
B077,Pneumonia
B186,Pneumonia
B237,Pneumonia
B007,Pneumonia
B175,Pneumonia
B182,Edema
B095,Edema
B168,Pneumonia
B068,Edema
B099,Pneumonia
B179,Pneumonia
B202,Edema
B125,Pneumonia
B071,Pneumonia
B120,Edema
B090,Edema
B146,Pneumonia
B137,Edema
B087,Edema
B227,Pneumonia
B080,Edema
B072,Edema
B010,Edema
B032,Edema
B174,Edema
B098,Edema
B136,Pneumonia
B263,Edema
B134,Edema
B041,Edema
B119,Pneumonia
B205,Pneumonia
B122,Edema
B178,Edema
B069,Pneumonia
B135,Pneumonia
B232,Edema
B034,Edema
B006,Edema
B050,Edema
B214,Pneumonia
B014,Pneumonia
B097,Edema
B022,Edema
B021,Pneumonia
B042,Edema
B266,Edema
B116,Edema
B023,Edema
B159,Pneumonia
B234,Edema
B126,Edema
B091,Pneumonia
B228,Edema
B173,Edema
B196,Edema
B170,Edema
B262,Edema
B192,Edema
B241,Pneumonia
B102,Edema
B243,Edema
B128,Edema
B076,Edema
B123,Edema
B132,Edema
B231,Edema
B246,Pneumonia
B218,Pneumonia
B165,Edema
B193,Pneumonia
B030,Edema
B242,Edema
B036,Edema
B100,Pneumonia
B253,Edema
B206,Pneumonia
B212,Pneumonia
B109,Edema
B230,Pneumonia
B222,Edema
B208,Edema
B183,Edema
B118,Edema
B067,Pneumonia
B226,Pneumonia
B060,Edema
B059,Edema
B239,Edema
B052,Pneumonia
B224,Edema
B221,Pneumonia
B057,Edema
B270,Edema
B257,Edema
B219,Edema
B131,Pneumonia
B265,Edema
B268,Edema
B152,Pneumonia
B121,Edema
B144,Edema
B190,Edema
B141,Edema
B101,Edema
B082,Pneumonia
B029,Pneumonia
B254,Edema
B008,Edema
B108,Edema
B106,Edema
B035,Edema
B251,Pneumonia
B235,Edema
B027,Edema
B003,Pneumonia
B115,Pneumonia
B142,Edema
B245,Edema
B188,Edema
B143,Edema
B075,Pneumonia
B062,Pneumonia
B133,Edema
B244,Edema
B139,Pneumonia
B140,Pneumonia
B204,Edema
B094,Pneumonia
B261,Edema
B250,Pneumonia
B096,Edema
B104,Edema
B197,Pneumonia
B148,Edema
B229,Edema
B103,Edema
B117,Edema
B113,Edema
B063,Edema
B154,Edema
B004,Pneumonia
B018,Pneumonia
B181,Pneumonia
B051,Edema
B201,Edema
B233,Edema
B156,Edema
B083,Pneumonia
B259,Edema
B145,Pneumonia
B167,Edema
B045,Edema
B047,Edema
B162,Edema
B199,Edema
B081,Pneumonia
B105,Pneumonia
B089,Edema
B269,Edema
B258,Pneumonia
B061,Pneumonia
B213,Pneumonia
B085,Edema
B149,Edema
B155,Edema
B056,Edema
B207,Edema
B177,Edema
B009,Pneumonia
B086,Edema
B130,Pneumonia
B158,Pneumonia
B019,Pneumonia
B189,Pneumonia
B002,Pneumonia
B176,Edema
B157,Edema
B026,Edema
B111,Edema
B209,Edema
B088,Edema
B092,Edema
B267,Edema
B198,Edema
B039,Edema
B038,Edema
B053,Pneumonia
B025,Edema
B161,Edema
B260,Edema
B191,Edema
B304,Pneumonia
B382,Edema
B341,Pneumonia
B381,Pneumonia
B295,Edema
B340,Edema
B279,Pneumonia
B394,Pneumonia
B301,Pneumonia
B271,Edema
B344,Edema
B292,Pneumonia
B343,Pneumonia
B352,Edema
B275,Edema
B396,Pneumonia
B315,Pneumonia
B372,Edema
B393,Edema
B364,Pneumonia
B296,Pneumonia
B404,Edema
B309,Pneumonia
B299,Edema
B332,Pneumonia
B293,Pneumonia
B321,Edema
B365,Pneumonia
B320,Edema
B298,Edema
B286,Edema
B317,Edema
B276,Edema
B387,Pneumonia
B336,Edema
B357,Edema
B361,Edema
B328,Edema
B369,Pneumonia
B397,Pneumonia
B342,Pneumonia
B373,Pneumonia
B385,Pneumonia
B376,Pneumonia
B379,Edema
B377,Edema
B284,Pneumonia
B399,Pneumonia
B380,Pneumonia
B310,Edema
B326,Edema
B283,Edema
B277,Pneumonia
B400,Edema
B392,Edema
B300,Pneumonia
B272,Pneumonia
B401,Pneumonia
B403,Pneumonia
B280,Pneumonia
B338,Edema
B360,Edema
B350,Pneumonia
B314,Pneumonia
B325,Pneumonia
B287,Edema
B290,Pneumonia
B331,Edema
B359,Edema
B282,Edema
B288,Edema
B302,Pneumonia
B324,Pneumonia
B278,Edema
B358,Edema
B318,Edema
B355,Edema
B334,Edema
B388,Edema
B374,Pneumonia
B378,Edema
B322,Pneumonia
B306,Pneumonia
B402,Edema
B363,Edema
B329,Pneumonia
B330,Edema
B384,Pneumonia
B346,Pneumonia
B345,Pneumonia
B327,Pneumonia
B348,Pneumonia
B289,Pneumonia
B285,Edema
B391,Edema
B386,Pneumonia
B323,Edema
B349,Pneumonia
B308,Pneumonia
B294,Pneumonia
B353,Edema
B362,Edema
B303,Pneumonia
B312,Edema
B337,Pneumonia
B370,Pneumonia
B274,Edema
B319,Edema
B375,Pneumonia
B311,Pneumonia
B368,Edema
B313,Pneumonia
B383,Pneumonia
B297,Pneumonia
B356,Pneumonia
B291,Edema
B367,Pneumonia
B389,Pneumonia
B333,Edema
B335,Pneumonia
B307,Edema
B281,Pneumonia
B354,Pneumonia
B371,Pneumonia
B351,Edema
B316,Pneumonia
B366,Pneumonia
B395,Edema
B273,Edema
B305,Pneumonia
B347,Edema
B398,Pneumonia
B339,Pneumonia
B390,Edema
A291,Normal
A311,Normal
A279,Normal
A330,Abnormal
A326,Abnormal
A362,Normal
A368,Abnormal
A355,Normal
A274,Abnormal
A294,Abnormal
A354,Normal
A372,Abnormal
A298,Abnormal
A397,Abnormal
A310,Abnormal
A365,Normal
A341,Normal
A402,Abnormal
A273,Normal
A324,Abnormal
A305,Normal
A329,Normal
A378,Abnormal
A309,Normal
A344,Abnormal
A398,Abnormal
A323,Normal
A333,Normal
A295,Normal
A292,Abnormal
A351,Normal
A340,Abnormal
A332,Abnormal
A325,Normal
A343,Normal
A317,Normal
A301,Normal
A289,Normal
A308,Abnormal
A290,Abnormal
A370,Abnormal
A271,Normal
A358,Abnormal
A278,Normal
A307,Normal
A314,Abnormal
A391,Normal
A385,Normal
A312,Abnormal
A347,Normal
A379,Normal
A394,Abnormal
A280,Abnormal
A400,Abnormal
A283,Normal
A315,Normal
A276,Abnormal
A395,Normal
A381,Normal
A367,Normal
A293,Normal
A369,Normal
A371,Normal
A304,Abnormal
A360,Abnormal
A349,Normal
A300,Abnormal
A353,Normal
A377,Normal
A392,Abnormal
A277,Normal
A338,Normal
A386,Abnormal
A357,Normal
A334,Abnormal
A322,Normal
A297,Normal
A383,Normal
A396,Abnormal
A285,Normal
A374,Abnormal
A320,Abnormal
A387,Normal
A319,Abnormal
A337,Normal
A342,Abnormal
A401,Normal
A364,Abnormal
A350,Normal
A404,Abnormal
A363,Normal
A296,Abnormal
A303,Normal
A287,Normal
A356,Abnormal
A282,Abnormal
A388,Abnormal
A389,Normal
A272,Normal
A318,Abnormal
A373,Normal
A390,Abnormal
A313,Normal
A393,Normal
A327,Normal
A348,Abnormal
A321,Normal
A361,Normal
A346,Abnormal
A339,Normal
A382,Abnormal
A376,Abnormal
A345,Abnormal
A366,Normal
A288,Abnormal
A359,Normal
A352,Normal
A299,Normal
A316,Abnormal
A331,Normal
A399,Normal
A335,Normal
A375,Normal
A284,Abnormal
A302,Abnormal
A275,Normal
A328,Normal
A380,Normal
A336,Abnormal
A384,Abnormal
A286,Abnormal
A281,Normal
A403,Normal
A306,Abnormal
