data2,data3
A196,Abnormal
A141,Normal
A148,Normal
A205,Normal
A136,Abnormal
A082,Normal
A250,Abnormal
A108,Abnormal
A262,Abnormal
A076,Abnormal
A090,Abnormal
A083,Normal
A126,Abnormal
A107,Normal
A140,Abnormal
A160,Abnormal
A255,Normal
A242,Normal
A189,Normal
A112,Abnormal
A137,Normal
A081,Normal
A094,Normal
A161,Normal
A139,Normal
A157,Normal
A070,Normal
A017,Normal
A122,Normal
A228,Normal
A048,Abnormal
A023,Normal
A010,Abnormal
A234,Abnormal
A254,Normal
A120,Abnormal
A134,Abnormal
A099,Normal
A025,Normal
A146,Normal
A032,Abnormal
A217,Normal
A015,Normal
A063,Normal
A238,Normal
A020,Normal
A199,Normal
A269,Normal
A013,Abnormal
A054,Normal
A243,Normal
A176,Abnormal
A129,Normal
A150,Abnormal
A006,Normal
A064,Abnormal
A092,Abnormal
A187,Normal
A216,Abnormal
A213,Normal
A109,Normal
A245,Normal
A221,Normal
A230,Abnormal
A184,Normal
A123,Normal
A018,Abnormal
A077,Normal
A182,Normal
A164,Abnormal
A268,Abnormal
A259,Normal
A173,Normal
A169,Normal
A194,Abnormal
A019,Normal
A044,Abnormal
A151,Normal
A103,Normal
A071,Abnormal
A012,Normal
A125,Normal
A152,Abnormal
A264,Abnormal
A110,Normal
A095,Normal
A207,Normal
A249,Normal
A258,Normal
A197,Normal
A096,Normal
A085,Normal
A236,Normal
A226,Normal
A147,Normal
A185,Normal
A068,Abnormal
A229,Abnormal
A206,Normal
A033,Normal
A026,Abnormal
A009,Normal
A142,Abnormal
A263,Normal
A214,Normal
A101,Normal
A235,Normal
A149,Normal
A193,Normal
A175,Normal
A100,Abnormal
A244,Abnormal
A039,Normal
A067,Normal
A117,Normal
A014,Normal
A133,Normal
A232,Abnormal
A128,Normal
A132,Abnormal
A159,Normal
A130,Normal
A116,Abnormal
A050,Abnormal
A240,Normal
A191,Normal
A165,Normal
A105,Normal
A203,Normal
A058,Normal
A231,Normal
A001,Normal
A158,Abnormal
A121,Normal
A131,Normal
A115,Normal
A052,Normal
A192,Abnormal
A079,Normal
A087,Normal
A174,Abnormal
A256,Abnormal
A049,Normal
A024,Abnormal
A215,Normal
A144,Abnormal
A181,Normal
A056,Normal
A219,Normal
A188,Abnormal
A089,Normal
A154,Abnormal
A246,Normal
A072,Abnormal
A239,Normal
A237,Normal
A073,Normal
A097,Normal
A260,Normal
A138,Abnormal
A007,Normal
A241,Normal
A065,Normal
A218,Normal
A223,Normal
A170,Abnormal
A208,Normal
A091,Normal
A210,Normal
A059,Normal
A038,Normal
A004,Abnormal
A086,Abnormal
A047,Normal
A166,Abnormal
A222,Normal
A201,Normal
A168,Normal
A003,Normal
A265,Normal
A045,Normal
A247,Normal
A031,Normal
A248,Abnormal
A233,Normal
A027,Normal
A037,Normal
A028,Normal
A153,Normal
A104,Abnormal
A177,Normal
A066,Normal
A257,Normal
A030,Abnormal
A093,Normal
A053,Normal
A198,Normal
A145,Normal
A261,Normal
A035,Normal
A040,Normal
A084,Abnormal
A062,Normal
A102,Abnormal
A016,Normal
A069,Normal
A251,Normal
A098,Abnormal
A029,Normal
A200,Normal
A163,Normal
A180,Normal
A021,Normal
A051,Normal
A156,Abnormal
A034,Normal
A080,Abnormal
A113,Normal
A155,Normal
A143,Normal
A106,Normal
A124,Abnormal
A178,Abnormal
A195,Normal
A075,Normal
A043,Normal
A266,Abnormal
A270,Abnormal
A225,Normal
A227,Normal
A183,Normal
A253,Normal
A202,Normal
A167,Normal
A022,Abnormal
A119,Normal
A060,Normal
A212,Abnormal
A252,Abnormal
A005,Normal
A186,Normal
A209,Normal
A057,Normal
A162,Abnormal
A041,Normal
A011,Normal
A190,Abnormal
A061,Normal
A118,Normal
A135,Normal
A114,Abnormal
A008,Normal
A172,Normal
A220,Normal
A074,Abnormal
A088,Abnormal
A179,Normal
A078,Abnormal
A211,Normal
A204,Normal
A171,Normal
A127,Normal
A111,Normal
A046,Abnormal
A002,Normal
A267,Normal
A036,Abnormal
A042,Abnormal
A055,Normal
A224,Normal
B078,Pneumonia
B147,Pneumonia
B180,Pneumonia
B151,Edema
B220,Pneumonia
B074,Edema
B033,Pneumonia
B171,Pneumonia
B079,Pneumonia
B187,Edema
B138,Edema
B223,Edema
B093,Edema
B215,Pneumonia
B184,Pneumonia
B127,Edema
B017,Pneumonia
B200,Edema
B013,Pneumonia
B166,Edema
B055,Edema
B114,Pneumonia
B037,Edema
B249,Pneumonia
B163,Edema
B012,Pneumonia
B195,Edema
B040,Edema
B153,Edema
B225,Edema
B247,Edema
B124,Pneumonia
B020,Edema
B044,Edema
B255,Edema
B073,Edema
B065,Pneumonia
B194,Pneumonia
B064,Pneumonia
B248,Edema
B164,Edema
B016,Edema
B107,Edema
B185,Pneumonia
B129,Pneumonia
B028,Edema
B046,Pneumonia
B024,Edema
B043,Edema
B070,Edema
B058,Edema
B031,Edema
B150,Edema
B264,Edema
B160,Pneumonia
B203,Edema
B211,Edema
B236,Edema
B110,Edema
B011,Pneumonia
B238,Edema
B066,Edema
B216,Pneumonia
B005,Edema
B001,Edema
B240,Pneumonia
B048,Pneumonia
B210,Edema
B015,Edema
B217,Edema
B049,Edema
B169,Edema
B112,Pneumonia
B172,Pneumonia
B252,Edema
B084,Edema
B256,Edema
B054,Pneumonia
B077,Pneumonia
B186,Pneumonia
B237,Pneumonia
B007,Edema
B175,Edema
B182,Edema
B095,Edema
B168,Edema
B068,Edema
B099,Edema
B179,Pneumonia
B202,Edema
B125,Edema
B071,Edema
B120,Edema
B090,Edema
B146,Edema
B137,Edema
B087,Edema
B227,Edema
B080,Pneumonia
B072,Edema
B010,Edema
B032,Edema
B174,Edema
B098,Edema
B136,Edema
B263,Pneumonia
B134,Edema
B041,Pneumonia
B119,Pneumonia
B205,Pneumonia
B122,Edema
B178,Edema
B069,Pneumonia
B135,Pneumonia
B232,Edema
B034,Pneumonia
B006,Edema
B050,Edema
B214,Pneumonia
B014,Pneumonia
B097,Edema
B022,Edema
B021,Edema
B042,Edema
B266,Pneumonia
B116,Pneumonia
B023,Pneumonia
B159,Edema
B234,Edema
B126,Edema
B091,Pneumonia
B228,Pneumonia
B173,Edema
B196,Edema
B170,Edema
B262,Edema
B192,Edema
B241,Edema
B102,Edema
B243,Edema
B128,Edema
B076,Edema
B123,Pneumonia
B132,Edema
B231,Edema
B246,Pneumonia
B218,Pneumonia
B165,Pneumonia
B193,Pneumonia
B030,Edema
B242,Edema
B036,Edema
B100,Pneumonia
B253,Pneumonia
B206,Pneumonia
B212,Pneumonia
B109,Pneumonia
B230,Pneumonia
B222,Edema
B208,Edema
B183,Edema
B118,Edema
B067,Pneumonia
B226,Edema
B060,Pneumonia
B059,Pneumonia
B239,Edema
B052,Pneumonia
B224,Edema
B221,Pneumonia
B057,Edema
B270,Edema
B257,Pneumonia
B219,Pneumonia
B131,Edema
B265,Edema
B268,Pneumonia
B152,Edema
B121,Pneumonia
B144,Edema
B190,Edema
B141,Pneumonia
B101,Pneumonia
B082,Pneumonia
B029,Pneumonia
B254,Edema
B008,Edema
B108,Edema
B106,Edema
B035,Pneumonia
B251,Pneumonia
B235,Edema
B027,Pneumonia
B003,Pneumonia
B115,Pneumonia
B142,Pneumonia
B245,Edema
B188,Edema
B143,Edema
B075,Pneumonia
B062,Pneumonia
B133,Pneumonia
B244,Edema
B139,Pneumonia
B140,Pneumonia
B204,Edema
B094,Pneumonia
B261,Edema
B250,Pneumonia
B096,Edema
B104,Edema
B197,Pneumonia
B148,Edema
B229,Edema
B103,Pneumonia
B117,Pneumonia
B113,Pneumonia
B063,Pneumonia
B154,Edema
B004,Pneumonia
B018,Edema
B181,Pneumonia
B051,Pneumonia
B201,Edema
B233,Pneumonia
B156,Edema
B083,Pneumonia
B259,Edema
B145,Edema
B167,Edema
B045,Pneumonia
B047,Edema
B162,Edema
B199,Edema
B081,Pneumonia
B105,Pneumonia
B089,Pneumonia
B269,Pneumonia
B258,Edema
B061,Pneumonia
B213,Edema
B085,Edema
B149,Pneumonia
B155,Pneumonia
B056,Edema
B207,Edema
B177,Pneumonia
B009,Pneumonia
B086,Edema
B130,Pneumonia
B158,Pneumonia
B019,Pneumonia
B189,Pneumonia
B002,Pneumonia
B176,Edema
B157,Edema
B026,Edema
B111,Edema
B209,Pneumonia
B088,Edema
B092,Edema
B267,Pneumonia
B198,Pneumonia
B039,Pneumonia
B038,Edema
B053,Pneumonia
B025,Pneumonia
B161,Pneumonia
B260,Edema
B191,Edema
B304,Pneumonia
B382,Pneumonia
B341,Pneumonia
B381,Pneumonia
B295,Pneumonia
B340,Edema
B279,Pneumonia
B394,Edema
B301,Edema
B271,Edema
B344,Edema
B292,Pneumonia
B343,Edema
B352,Edema
B275,Edema
B396,Pneumonia
B315,Pneumonia
B372,Edema
B393,Pneumonia
B364,Pneumonia
B296,Pneumonia
B404,Pneumonia
B309,Pneumonia
B299,Pneumonia
B332,Pneumonia
B293,Pneumonia
B321,Edema
B365,Pneumonia
B320,Pneumonia
B298,Edema
B286,Pneumonia
B317,Edema
B276,Edema
B387,Edema
B336,Edema
B357,Edema
B361,Edema
B328,Edema
B369,Edema
B397,Edema
B342,Pneumonia
B373,Pneumonia
B385,Edema
B376,Pneumonia
B379,Pneumonia
B377,Edema
B284,Edema
B399,Edema
B380,Pneumonia
B310,Edema
B326,Edema
B283,Pneumonia
B277,Pneumonia
B400,Pneumonia
B392,Edema
B300,Pneumonia
B272,Edema
B401,Edema
B403,Pneumonia
B280,Pneumonia
B338,Edema
B360,Edema
B350,Pneumonia
B314,Edema
B325,Pneumonia
B287,Pneumonia
B290,Pneumonia
B331,Pneumonia
B359,Edema
B282,Edema
B288,Edema
B302,Pneumonia
B324,Pneumonia
B278,Edema
B358,Pneumonia
B318,Pneumonia
B355,Pneumonia
B334,Edema
B388,Edema
B374,Edema
B378,Edema
B322,Edema
B306,Edema
B402,Edema
B363,Pneumonia
B329,Edema
B330,Edema
B384,Pneumonia
B346,Edema
B345,Pneumonia
B327,Pneumonia
B348,Pneumonia
B289,Edema
B285,Edema
B391,Edema
B386,Pneumonia
B323,Pneumonia
B349,Pneumonia
B308,Pneumonia
B294,Pneumonia
B353,Edema
B362,Edema
B303,Pneumonia
B312,Edema
B337,Pneumonia
B370,Pneumonia
B274,Edema
B319,Pneumonia
B375,Pneumonia
B311,Pneumonia
B368,Edema
B313,Pneumonia
B383,Pneumonia
B297,Pneumonia
B356,Pneumonia
B291,Pneumonia
B367,Pneumonia
B389,Pneumonia
B333,Edema
B335,Pneumonia
B307,Pneumonia
B281,Pneumonia
B354,Edema
B371,Pneumonia
B351,Pneumonia
B316,Pneumonia
B366,Edema
B395,Edema
B273,Edema
B305,Pneumonia
B347,Edema
B398,Pneumonia
B339,Edema
B390,Pneumonia
A291,Normal
A311,Normal
A279,Normal
A330,Abnormal
A326,Abnormal
A362,Abnormal
A368,Abnormal
A355,Normal
A274,Abnormal
A294,Normal
A354,Normal
A372,Abnormal
A298,Abnormal
A397,Normal
A310,Normal
A365,Normal
A341,Normal
A402,Abnormal
A273,Normal
A324,Abnormal
A305,Normal
A329,Normal
A378,Abnormal
A309,Normal
A344,Abnormal
A398,Normal
A323,Normal
A333,Normal
A295,Normal
A292,Normal
A351,Normal
A340,Abnormal
A332,Normal
A325,Normal
A343,Normal
A317,Normal
A301,Normal
A289,Normal
A308,Normal
A290,Normal
A370,Normal
A271,Normal
A358,Abnormal
A278,Normal
A307,Normal
A314,Abnormal
A391,Normal
A385,Normal
A312,Abnormal
A347,Normal
A379,Normal
A394,Abnormal
A280,Normal
A400,Abnormal
A283,Normal
A315,Normal
A276,Abnormal
A395,Normal
A381,Normal
A367,Normal
A293,Normal
A369,Normal
A371,Normal
A304,Normal
A360,Abnormal
A349,Normal
A300,Abnormal
A353,Abnormal
A377,Normal
A392,Abnormal
A277,Normal
A338,Abnormal
A386,Abnormal
A357,Normal
A334,Normal
A322,Normal
A297,Normal
A383,Normal
A396,Abnormal
A285,Normal
A374,Abnormal
A320,Normal
A387,Normal
A319,Normal
A337,Normal
A342,Normal
A401,Normal
A364,Abnormal
A350,Abnormal
A404,Normal
A363,Normal
A296,Abnormal
A303,Normal
A287,Normal
A356,Abnormal
A282,Abnormal
A388,Abnormal
A389,Normal
A272,Normal
A318,Normal
A373,Normal
A390,Abnormal
A313,Normal
A393,Normal
A327,Normal
A348,Normal
A321,Normal
A361,Normal
A346,Normal
A339,Normal
A382,Normal
A376,Normal
A345,Normal
A366,Normal
A288,Abnormal
A359,Normal
A352,Normal
A299,Normal
A316,Normal
A331,Normal
A399,Normal
A335,Normal
A375,Normal
A284,Normal
A302,Normal
A275,Normal
A328,Normal
A380,Normal
A336,Abnormal
A384,Abnormal
A286,Normal
A281,Normal
A403,Normal
A306,Abnormal
